Time,X-coordinate,Y-coordinate
0.000000000000000000e+00,7.071067811865476838e-01,2.707106781186547462e+00
1.000000000000000021e-02,6.998285854132839656e-01,2.689685606700074949e+00
2.000000000000000042e-02,6.753843478721665017e-01,2.657271575574977618e+00
2.999999999999999889e-02,6.270821255236702640e-01,2.611094673069590311e+00
4.000000000000000083e-02,5.525294364374349065e-01,2.551872674163873533e+00
5.000000000000000278e-02,4.540456198109791841e-01,2.480439832355162633e+00
5.999999999999999778e-02,3.379968221737683631e-01,2.398209748255475393e+00
7.000000000000000666e-02,2.131474504764970801e-01,2.307376373363506428e+00
8.000000000000000167e-02,8.861033379187133185e-02,2.210816608642397263e+00
8.999999999999999667e-02,-2.788152407638500030e-02,2.111752368691079962e+00
1.000000000000000056e-01,-1.309253042781235443e-01,2.013314127417200616e+00
1.100000000000000006e-01,-2.175924577010975858e-01,1.918163921446231379e+00
1.199999999999999956e-01,-2.870357973456092449e-01,1.828276434493980140e+00
1.300000000000000044e-01,-3.398900126583228598e-01,1.744891902814296181e+00
1.400000000000000133e-01,-3.776994396077176797e-01,1.668595996193942055e+00
1.499999999999999944e-01,-4.024769202885877251e-01,1.599464849065631800e+00
1.600000000000000033e-01,-4.164055640546661108e-01,1.537224298392979582e+00
1.700000000000000122e-01,-4.216529141619328458e-01,1.481392076557524362e+00
1.799999999999999933e-01,-4.202588499038529823e-01,1.431388832538791567e+00
1.900000000000000022e-01,-4.140665587606223719e-01,1.386615151840469018e+00
2.000000000000000111e-01,-4.046782540871793898e-01,1.346498059971433348e+00
2.099999999999999922e-01,-3.934279621344709543e-01,1.310513540677292310e+00
2.200000000000000011e-01,-3.813702555660476445e-01,1.278192596332512476e+00
2.300000000000000100e-01,-3.692859858120923766e-01,1.249117948569568926e+00
2.399999999999999911e-01,-3.577049192793610999e-01,1.222917029713951331e+00
2.500000000000000000e-01,-3.469424894844405083e-01,1.199254935027405100e+00
2.600000000000000089e-01,-3.371454193688480094e-01,1.177829058582462007e+00
2.700000000000000178e-01,-3.283398902091070326e-01,1.158365678435866464e+00
2.800000000000000266e-01,-3.204764807932055648e-01,1.140617973235499072e+00
2.899999999999999800e-01,-3.134678056484789810e-01,1.124364751638007309e+00
2.999999999999999889e-01,-3.072168956803515982e-01,1.109409322243331220e+00
3.099999999999999978e-01,-3.016362473145715040e-01,1.095578191981339211e+00
3.200000000000000067e-01,-2.966587682312377128e-01,1.082719507156755245e+00
3.300000000000000155e-01,-2.922425049342251002e-01,1.070701289249085253e+00
3.400000000000000244e-01,-2.883711659074730260e-01,1.059409573339219701e+00
3.500000000000000333e-01,-2.850522383333616849e-01,1.048746560183336340e+00
3.599999999999999867e-01,-2.823141127217557722e-01,1.038628872175900053e+00
3.699999999999999956e-01,-2.802032117240952358e-01,1.028985977650969774e+00
3.800000000000000044e-01,-2.787817507226272307e-01,1.019758826558945231e+00
3.900000000000000133e-01,-2.781264807055094934e-01,1.010898726981460438e+00
4.000000000000000222e-01,-2.783285919940551301e-01,1.002366487247592586e+00
4.100000000000000311e-01,-2.794948888037925849e-01,9.941318536870693556e-01
4.199999999999999845e-01,-2.817503750693732822e-01,9.861732923513160110e-01
4.299999999999999933e-01,-2.852425283227441044e-01,9.784782019457810565e-01
4.400000000000000022e-01,-2.901478193491187629e-01,9.710437228319361846e-01
4.500000000000000111e-01,-2.966815761428207021e-01,9.638784687302869303e-01
4.600000000000000200e-01,-3.051134116991205958e-01,9.570058830969923047e-01
4.700000000000000289e-01,-3.157931233300085294e-01,9.504709659530199417e-01
4.799999999999999822e-01,-3.292001345900451570e-01,9.443561994719241737e-01
4.899999999999999911e-01,-3.460749462682126132e-01,9.388629707687125014e-01
5.000000000000000000e-01,-3.680809636143814179e-01,9.343838768941006290e-01
5.100000000000000089e-01,-3.975232181826229838e-01,9.314206878897020037e-01
5.200000000000000178e-01,-4.363062237523072651e-01,9.303419823228558094e-01
5.300000000000000266e-01,-4.850007412922304195e-01,9.311215968957666789e-01
5.400000000000000355e-01,-5.425320494577781094e-01,9.332356666970347270e-01
5.500000000000000444e-01,-6.064076882306390637e-01,9.357742082463434974e-01
5.600000000000000533e-01,-6.731729680023271767e-01,9.376822881226342110e-01
5.700000000000000622e-01,-7.388630077819898778e-01,9.380061465421333233e-01
5.799999999999999600e-01,-7.993573549741115336e-01,9.360642043701887793e-01
5.899999999999999689e-01,-8.506212757752737996e-01,9.315240496141513615e-01
5.999999999999999778e-01,-8.888415358283213719e-01,9.244065797538676410e-01
6.099999999999999867e-01,-9.104657743522107660e-01,9.150543980654671783e-01
6.199999999999999956e-01,-9.121520837854716346e-01,9.041042634181652993e-01
6.300000000000000044e-01,-8.906337529835937072e-01,8.925062355009004689e-01
6.400000000000000133e-01,-8.425021952650202373e-01,8.816530232012922408e-01
6.500000000000000222e-01,-7.639119706067775128e-01,8.737674700263251548e-01
6.600000000000000311e-01,-6.502614554259630308e-01,8.730373677607848881e-01
6.700000000000000400e-01,-4.964975548192877008e-01,8.898777100369869020e-01
6.800000000000000488e-01,-3.138798400502574859e-01,9.767900939348730383e-01
6.900000000000000577e-01,-5.546367497394910639e-02,1.065164200179158138e+00
7.000000000000000666e-01,1.866782240918600233e-01,1.086045273940223765e+00
7.099999999999999645e-01,3.928610646092467462e-01,1.059296901327055895e+00
7.199999999999999734e-01,5.569294803121576098e-01,1.004983786982076799e+00
7.299999999999999822e-01,6.786781694751173877e-01,9.384844083797577730e-01
7.399999999999999911e-01,7.593321272763583485e-01,8.704882844153610799e-01
7.500000000000000000e-01,7.984488298680798568e-01,8.084474327806561167e-01
7.600000000000000089e-01,7.912966265677209288e-01,7.591495428059668038e-01
7.700000000000000178e-01,7.267956179228156621e-01,7.359253901817831567e-01
7.800000000000000266e-01,6.197554460735419379e-01,8.104316359272475401e-01
7.900000000000000355e-01,3.806146027249401875e-01,9.457180635388079404e-01
8.000000000000000444e-01,3.030781077443704952e-01,1.423037583170632558e+00
8.100000000000000533e-01,-4.186081702061039689e-02,1.999899091646605731e+00
8.200000000000000622e-01,-6.370165794257524050e-01,2.296800141674165463e+00
8.300000000000000711e-01,-1.306598544704610898e+00,2.285427468463599343e+00
8.399999999999999689e-01,-1.938198513251136124e+00,2.033944425169052828e+00
8.499999999999999778e-01,-2.463352054278735714e+00,1.613981149848679797e+00
8.599999999999999867e-01,-2.789659868499954953e+00,1.076827294943827340e+00
8.699999999999999956e-01,-2.933428719483784253e+00,5.442235728431338293e-01
8.800000000000000044e-01,-2.058946058885076535e+00,-8.623664210486514659e-02
8.900000000000000133e-01,3.009085724845081966e-01,-1.596954654742201996e+00
9.000000000000000222e-01,2.565770774739497995e+00,-1.544873102453134806e+00
9.100000000000000311e-01,1.874582304822072887e+00,-3.973085877041537817e-01
9.200000000000000400e-01,3.624617495917338283e-01,-1.123718412918190301e+00
9.300000000000000488e-01,-2.590272249993345044e-01,-2.321687942633821500e+00
9.400000000000000577e-01,-6.063188816804633285e-01,-2.864719416170272481e+00
9.500000000000000666e-01,-1.015620937270711233e+00,-2.756917125571510585e+00
9.599999999999999645e-01,-1.574002661794562830e+00,-2.311245560252504383e+00
9.699999999999999734e-01,-2.055318613217211876e+00,-1.790917335222487417e+00
9.799999999999999822e-01,-2.388844871724574936e+00,-1.272105621710967860e+00
9.899999999999999911e-01,-2.580225673990282242e+00,-7.977181297531593662e-01
1.000000000000000000e+00,-2.663009243588045472e+00,-3.905485157087861259e-01
1.010000000000000009e+00,-2.671824115861962223e+00,-5.701843585556765071e-02
1.020000000000000018e+00,-2.632891322521745625e+00,2.065177491213694427e-01
1.030000000000000027e+00,-2.563089159775032044e+00,4.082982569902822156e-01
1.040000000000000036e+00,-2.471717066773101656e+00,5.578718864964257174e-01
1.050000000000000044e+00,-2.362574522349379702e+00,6.645309167986520604e-01
1.060000000000000053e+00,-2.235649561559569509e+00,7.367452674242925825e-01
1.070000000000000062e+00,-2.088316005961859734e+00,7.821051820441867752e-01
1.080000000000000071e+00,-1.916113260729390699e+00,8.075096194869892940e-01
1.090000000000000080e+00,-1.713212302307823398e+00,8.195058730347134501e-01
1.100000000000000089e+00,-1.472668905161983899e+00,8.248334245765400752e-01
1.110000000000000098e+00,-1.186595898030833540e+00,8.314756327296149996e-01
1.120000000000000107e+00,-8.466296329096636430e-01,8.513763458548424534e-01
1.130000000000000115e+00,-4.471360928493894882e-01,9.111770109367740567e-01
1.140000000000000124e+00,-8.719662834437225118e-02,1.208263944725604944e+00
1.150000000000000133e+00,2.091865394632275166e-01,1.611539248851590500e+00
1.159999999999999920e+00,5.030546686806820489e-01,1.916449842511201318e+00
1.169999999999999929e+00,8.303322122299134911e-01,2.097448919887320073e+00
1.179999999999999938e+00,1.193741770843301575e+00,2.160588701458932448e+00
1.189999999999999947e+00,1.580926141438174337e+00,2.118258897494290860e+00
1.199999999999999956e+00,1.976782342730095232e+00,1.982144510448172525e+00
1.209999999999999964e+00,2.363342570275523968e+00,1.755230615126711413e+00
1.219999999999999973e+00,2.611281384763554314e+00,1.367972579640855724e+00
1.229999999999999982e+00,2.868838232713259551e+00,8.666535548260601018e-01
1.239999999999999991e+00,-8.513550623825627550e-01,1.516906450556853692e+00
1.250000000000000000e+00,-1.692203928592845408e+00,2.537668257988882070e-01
1.260000000000000009e+00,-7.682060825528341796e-01,-1.856236883923952696e+00
1.270000000000000018e+00,2.366956172915410939e+00,8.756592002536400798e-01
1.280000000000000027e+00,-6.344856350787220212e-02,-1.519080422403626063e+00
1.290000000000000036e+00,-3.953850371156009125e-01,-2.178854007304093177e+00
1.300000000000000044e+00,-3.428636757267812807e-01,-9.465891039568172793e-01
1.310000000000000053e+00,-1.508923505562591583e+00,-8.679534086372597823e-02
1.320000000000000062e+00,3.653434083773365870e-02,2.293460598416239726e+00
1.330000000000000071e+00,-9.047117707899227090e-01,1.914678332375757019e+00
1.340000000000000080e+00,-2.150216869648630347e+00,-6.843496674900662047e-01
1.350000000000000089e+00,-2.911546567976832645e-01,2.557555974542043309e+00
1.360000000000000098e+00,1.397194768445376045e+00,1.471999935680098126e+00
1.370000000000000107e+00,-1.533248518509861658e+00,-3.635424710218949640e-01
1.380000000000000115e+00,1.217132538403495667e+00,1.478347113040742844e+00
1.390000000000000124e+00,-2.629746462726608724e-01,2.069216857236305884e+00
1.400000000000000133e+00,-2.267969875995207829e+00,-1.894513684601216053e+00
1.409999999999999920e+00,2.070215768891766839e+00,-2.110336478050757858e+00
1.419999999999999929e+00,2.530422469195903190e+00,1.608991933520825146e+00
1.429999999999999938e+00,-1.652077843396624113e+00,-1.473848889429103526e+00
1.439999999999999947e+00,-2.518228827407297477e+00,-7.271930394285610610e-01
1.449999999999999956e+00,1.079785122532242791e+00,-4.823021299178129606e-01
1.459999999999999964e+00,2.162331058922703608e+00,1.207964323797906303e+00
1.469999999999999973e+00,-1.302443067055948367e+00,7.240973581937640846e-01
1.479999999999999982e+00,-2.519739641753704351e+00,-8.636172843091625140e-01
1.489999999999999991e+00,-8.019681438853797362e-01,5.974850366462226559e-01
1.500000000000000000e+00,-2.738994764251412306e+00,-6.047840102320294342e-01
1.510000000000000009e+00,1.301383355100644290e-01,-2.880016883009952178e+00
1.520000000000000018e+00,-1.452248510770421053e+00,2.475946885462967817e+00
1.530000000000000027e+00,-5.496962732378329886e-02,1.012332286910743839e+00
1.540000000000000036e+00,-1.298382500203334011e+00,5.912879232839853838e-01
1.550000000000000044e+00,-1.177176985557956579e+00,-4.864872224206540086e-02
1.560000000000000053e+00,-1.388082416045060885e+00,8.018940253544873942e-01
1.570000000000000062e+00,-4.308601961265036140e-01,1.518273368018865144e+00
1.580000000000000071e+00,7.626638726202700225e-01,2.504015997413941097e+00
1.590000000000000080e+00,-8.003434205107438082e-01,2.816412366641140252e+00
1.600000000000000089e+00,-1.398967587735081564e+00,5.693890426189277543e-01
1.610000000000000098e+00,-1.065850991745971754e+00,1.238601220833534189e+00
1.620000000000000107e+00,-1.875782325687084029e+00,2.205632664143605037e+00
1.630000000000000115e+00,-2.396245901233106324e+00,1.769055852451867139e+00
1.640000000000000124e+00,4.403160962418120050e-01,-2.898921229885925488e+00
1.650000000000000133e+00,2.501943990087733827e-01,1.315954600725466772e+00
1.660000000000000142e+00,2.088607007975207264e-02,1.499951972742562090e+00
1.669999999999999929e+00,-3.928000766464708748e-01,1.064484403425036474e+00
1.679999999999999938e+00,-7.164675248686103171e-01,2.808536122313468830e+00
1.689999999999999947e+00,7.736639905609604684e-01,6.346174479005790570e-01
1.699999999999999956e+00,5.011370490760130858e-01,1.040438689687057883e+00
1.709999999999999964e+00,1.844924489256005273e+00,7.328816371079041048e-01
1.719999999999999973e+00,-1.541426855771986348e+00,-1.231592510359974746e+00
1.729999999999999982e+00,-2.121754776283561572e+00,2.120870076419096861e+00
1.739999999999999991e+00,-2.737327800589737237e-01,-2.691649695839346546e+00
1.750000000000000000e+00,1.666218710890068122e+00,2.378711823169719519e+00
1.760000000000000009e+00,2.480382134594919297e+00,1.089837122043491036e+00
1.770000000000000018e+00,9.360906015401293523e-03,-1.218056258250900470e+00
1.780000000000000027e+00,1.418338728467883225e+00,-6.670801326308026802e-01
1.790000000000000036e+00,-1.499972682942391833e+00,2.593538086264602249e+00
1.800000000000000044e+00,-1.538031543140800705e+00,1.215641274510807834e+00
1.810000000000000053e+00,-1.014565113052964040e+00,-7.794288575970050870e-01
1.820000000000000062e+00,1.376235188892270256e-01,-2.965160061998111107e+00
1.830000000000000071e+00,1.096112774087762531e+00,-2.789382905204672802e+00
1.840000000000000080e+00,5.990509120620268746e-01,-1.792339533289441178e+00
1.850000000000000089e+00,1.872054154344126697e+00,7.791528939209617644e-01
1.860000000000000098e+00,1.879864351110941856e+00,-3.017113270492794985e-01
1.870000000000000107e+00,5.766544124858238307e-01,1.686000700018785547e+00
1.880000000000000115e+00,1.912564040173512003e+00,-9.912029561600491645e-01
1.890000000000000124e+00,2.085834139104511653e+00,-3.450410435678585852e-02
1.900000000000000133e+00,2.820730004592042484e-01,-2.008461793632228432e+00
1.910000000000000142e+00,1.203961670263897332e+00,-2.691385421818533352e+00
1.919999999999999929e+00,1.252705846519660549e-01,-1.171469114495844677e+00
1.929999999999999938e+00,-1.794542908417355864e+00,1.383513219594148413e+00
1.939999999999999947e+00,-1.304775904274652509e+00,2.500619829625903012e+00
1.949999999999999956e+00,8.638417959670225965e-01,5.046265795086292139e-01
1.959999999999999964e+00,-1.139609632780358650e+00,1.180663968044903811e-02
1.969999999999999973e+00,1.644975992433864498e+00,1.296360115161732107e-02
1.979999999999999982e+00,2.752049256320129533e+00,-6.824557747658287488e-01
1.989999999999999991e+00,-2.443551616739267907e+00,1.500339541718955783e+00
2.000000000000000000e+00,-1.687515920606907915e+00,1.273876842102053208e+00
2.010000000000000231e+00,1.100006279413910271e+00,-1.208250042786851997e-01
2.020000000000000018e+00,2.084476638735539122e+00,-1.630787789480638628e+00
2.030000000000000249e+00,2.924109510616881291e+00,6.746912248179015581e-02
2.040000000000000036e+00,-1.032919267827809628e+00,1.419048517057009962e+00
2.049999999999999822e+00,3.243720447193170209e-01,-1.988127196652315298e+00
2.060000000000000053e+00,1.156483953985961044e+00,1.486340922961309374e+00
2.069999999999999840e+00,5.765757624999292563e-01,-9.441023770047719532e-01
2.080000000000000071e+00,2.527794352136275013e-01,2.807295518286590408e+00
2.089999999999999858e+00,-1.601558812912251106e+00,2.253872585552869179e+00
2.100000000000000089e+00,-3.032602684601448662e-02,1.005469067595106125e+00
2.109999999999999876e+00,2.244116112654708672e+00,-1.213311918792545629e-01
2.120000000000000107e+00,3.224392922082094937e-02,-1.014186400637478780e+00
2.129999999999999893e+00,1.875169507957548776e+00,-8.551432356123552792e-01
2.140000000000000124e+00,-1.740713476910638935e+00,7.536175158643256822e-01
2.149999999999999911e+00,-2.739532940345211776e-01,2.916468789124055494e+00
2.160000000000000142e+00,-1.823355562569206612e-01,-1.089913927148379313e+00
2.169999999999999929e+00,-2.032679008950285748e+00,-1.194153548197784964e+00
2.180000000000000160e+00,-1.265846732407904351e+00,-1.724665195122027761e+00
2.189999999999999947e+00,1.205435739715635002e+00,7.654693071985186892e-01
2.200000000000000178e+00,1.964254685309211101e+00,-5.329710592026271065e-01
2.209999999999999964e+00,2.671518980245486397e-01,-1.067844586991295364e+00
2.220000000000000195e+00,-1.104838907894616806e+00,9.399618719209454909e-01
2.229999999999999982e+00,-1.344577052908684900e+00,-2.334778939519870367e-01
2.240000000000000213e+00,2.002560543400372595e+00,2.047567035978154149e+00
2.250000000000000000e+00,-3.404291624514841352e-01,-1.779962137685732193e+00
2.260000000000000231e+00,7.226356606000274851e-01,2.007283413362895619e+00
2.270000000000000018e+00,1.115307587717924154e-01,1.261699151218684145e+00
2.280000000000000249e+00,2.757869836547854892e-02,2.471841407873990981e+00
2.290000000000000036e+00,2.100959113758431140e+00,2.214409124887040115e-02
2.300000000000000266e+00,-1.206200100825145505e+00,-2.740662557527950405e+00
2.310000000000000053e+00,1.655410715866489024e+00,7.827622742805084854e-01
2.319999999999999840e+00,-1.319144975480019966e+00,-2.073975745497759204e-01
2.330000000000000071e+00,2.495916221505088295e+00,-6.580060583065523439e-01
2.339999999999999858e+00,6.171012695394144654e-01,1.896993264610720376e+00
2.350000000000000089e+00,2.129379509072572230e+00,1.819634942645408815e+00
2.359999999999999876e+00,-8.639292611294711044e-01,-1.884941575530231672e+00
2.370000000000000107e+00,-7.757511936323184809e-01,-1.848367321777995897e+00
2.379999999999999893e+00,-1.217232028141715050e+00,3.574512474113813454e-01
2.390000000000000124e+00,-1.786846423167080200e+00,-2.115630240820525643e+00
2.399999999999999911e+00,1.922527871525351539e+00,-2.926130327800051667e-01
2.410000000000000142e+00,1.119481404894437926e-01,1.096067568834132366e+00
2.419999999999999929e+00,-6.878069574611611614e-01,-2.141619458200325177e+00
2.430000000000000160e+00,-1.071211690740893729e+00,2.745909696829138547e+00
2.439999999999999947e+00,2.940128542441714288e+00,-4.175147443968647565e-01
2.450000000000000178e+00,-6.460544173951989766e-01,-2.664899390939519552e+00
2.459999999999999964e+00,-2.407866198371970690e+00,1.943190386952231563e-03
2.470000000000000195e+00,-9.152118461371436808e-01,1.071646782953776578e+00
2.479999999999999982e+00,-6.830968912922906755e-01,9.149290980970857801e-01
2.490000000000000213e+00,-2.076128896491715725e-01,2.483391306495083217e+00
2.500000000000000000e+00,1.612133009954789475e+00,2.528564351264965815e+00
2.510000000000000231e+00,1.646797241443713755e-01,-2.810259911077300998e+00
2.520000000000000018e+00,-9.769315881969005133e-01,5.204868766917707390e-01
2.530000000000000249e+00,-9.439008545005180828e-01,-7.566492822938157836e-01
2.540000000000000036e+00,1.553935155639981636e+00,1.383126076557066986e+00
2.550000000000000266e+00,2.060292710613630618e+00,-2.075662165374025481e+00
2.560000000000000053e+00,-9.521353892456916324e-01,-5.836047108341343437e-01
2.569999999999999840e+00,9.698656474136886363e-01,2.459408234008987060e-01
2.580000000000000071e+00,-9.062985982012615738e-01,-5.807610036494876837e-01
2.589999999999999858e+00,7.174103955660249277e-02,1.057725372827747368e+00
2.600000000000000089e+00,1.016075868602620114e+00,6.592133820239073905e-02
2.609999999999999876e+00,4.792727027873134316e-01,-9.863220112884379942e-01
2.620000000000000107e+00,-4.585540860292318666e-01,-1.341415913285649131e+00
2.629999999999999893e+00,-1.293429164933339592e+00,-1.021496398779757175e+00
2.640000000000000124e+00,-1.814607601816136562e+00,-3.212806130315662978e-01
2.649999999999999911e+00,-2.010752051496266013e+00,5.039978887675575780e-01
2.660000000000000142e+00,-1.936648150769725074e+00,1.284901358084071799e+00
2.669999999999999929e+00,-1.686162135665069783e+00,1.911901044954964268e+00
2.680000000000000160e+00,-1.366372394979145088e+00,2.347810350374143873e+00
2.689999999999999947e+00,-1.058600512687650319e+00,2.615115677672862571e+00
2.700000000000000178e+00,-8.020884806293278046e-01,2.759753727334541828e+00
2.709999999999999964e+00,-6.009271443218551223e-01,2.822800312222427443e+00
2.720000000000000195e+00,-4.373387381531081419e-01,2.828820074545025154e+00
2.729999999999999982e+00,-2.840471630008025716e-01,2.787256467079319400e+00
2.740000000000000213e+00,-1.154848647083437374e-01,2.700447041720182018e+00
2.750000000000000000e+00,8.377731256698828233e-02,2.570495646732441131e+00
2.760000000000000231e+00,3.151345815094374059e-01,2.401796859784322002e+00
2.770000000000000018e+00,5.667846857797703697e-01,2.201184605688486506e+00
2.780000000000000249e+00,8.187723352071141214e-01,1.977758901071769326e+00
2.790000000000000036e+00,1.050438124414941443e+00,1.742405165128042555e+00
2.800000000000000266e+00,1.246938158538608343e+00,1.506430695374974871e+00
2.810000000000000053e+00,1.401865594564618789e+00,1.279748146315145885e+00
2.819999999999999840e+00,1.515841765161250132e+00,1.069614680948526075e+00
2.830000000000000071e+00,1.593406773464261850e+00,8.803434964448288991e-01
2.839999999999999858e+00,1.640355332214938011e+00,7.137098196629291236e-01
2.850000000000000089e+00,1.662199288735715541e+00,5.696137686357410912e-01
2.859999999999999876e+00,1.663537178372380243e+00,4.467156842499880876e-01
2.870000000000000107e+00,1.647943581746869945e+00,3.429333645377292683e-01
2.879999999999999893e+00,1.618100336117328286e+00,2.557904170382268028e-01
2.890000000000000124e+00,1.576017694851310935e+00,1.826427064016786783e-01
2.899999999999999911e+00,1.523276161127971262e+00,1.208161890394012783e-01
2.910000000000000142e+00,1.461265859090829178e+00,6.768478500940999787e-02
2.919999999999999929e+00,1.391425545760311522e+00,2.071118710484376457e-02
2.930000000000000160e+00,1.315498914341252323e+00,-2.252899983771161629e-02
2.939999999999999947e+00,1.235838069685678331e+00,-6.431558668875581031e-02
2.950000000000000178e+00,1.155794491759786879e+00,-1.067053219457855251e-01
2.959999999999999964e+00,1.080236556899317302e+00,-1.513311537089898628e-01
2.970000000000000195e+00,1.016164106849422488e+00,-1.989306717428399596e-01
2.979999999999999982e+00,9.729617246449593360e-01,-2.483437214252701697e-01
2.990000000000000213e+00,9.582927759600952111e-01,-2.946175998547777564e-01
3.000000000000000000e+00,9.836280993056704114e-01,-3.323422903637533454e-01
3.010000000000000231e+00,1.092717308787754638e+00,-3.426387164670798291e-01
3.020000000000000018e+00,1.358524991342497046e+00,-2.525620969687744077e-01
3.030000000000000249e+00,1.826417387752594879e+00,1.268933377864447376e-01
3.040000000000000036e+00,2.299156563413395027e+00,9.817982228634389852e-01
3.050000000000000266e+00,2.291844571357285698e+00,1.931287673626846724e+00
3.060000000000000053e+00,9.493989766798547336e-01,-2.797678143814042340e+00
3.070000000000000284e+00,-2.100003253404566284e+00,1.216973814601749249e+00
3.080000000000000071e+00,1.868074256265382926e+00,1.549984115622962122e-01
3.089999999999999858e+00,-1.882733240922693785e+00,-2.114050599507483419e+00
3.100000000000000089e+00,-2.163149687637143437e+00,4.515447827181146012e-01
3.109999999999999876e+00,-6.710585118162452067e-01,1.491972033870381686e+00
3.120000000000000107e+00,7.046240183740881680e-01,8.862707505221786297e-01
3.129999999999999893e+00,9.678573523676343715e-01,-3.627410639251408275e-01
3.140000000000000124e+00,2.445483977362978567e-01,-1.095069955626968294e+00
3.149999999999999911e+00,-4.552636154223775877e-01,-1.208774164175646870e+00
3.160000000000000142e+00,-9.381161321469760894e-01,-1.013020886618718031e+00
3.169999999999999929e+00,-1.251712928669444835e+00,-7.011673960564288599e-01
3.180000000000000160e+00,-1.452387687966087526e+00,-3.593427625882589238e-01
3.189999999999999947e+00,-1.581593781712806068e+00,-2.101649632900515208e-02
3.200000000000000178e+00,-1.669029041071040442e+00,3.029314494795821711e-01
3.209999999999999964e+00,-1.733444933709010760e+00,6.087901605437501251e-01
3.220000000000000195e+00,-1.785086392233591113e+00,8.919730721271857954e-01
3.229999999999999982e+00,-1.829276471139463567e+00,1.145451606260189603e+00
3.240000000000000213e+00,-1.868925915534727755e+00,1.362173323202124031e+00
3.250000000000000000e+00,-1.905401282032090249e+00,1.537850258796967795e+00
3.260000000000000231e+00,-1.938726613045653746e+00,1.672107303816290580e+00
3.270000000000000018e+00,-1.967939145561425907e+00,1.768003941373869958e+00
3.280000000000000249e+00,-1.991630147826477293e+00,1.830736438357477347e+00
3.290000000000000036e+00,-2.008346855760239080e+00,1.866231284418135461e+00
3.300000000000000266e+00,-2.016656666616716276e+00,1.880048775339305589e+00
3.310000000000000053e+00,-2.014935764535726204e+00,1.876779226359619468e+00
3.320000000000000284e+00,-2.001088570613812401e+00,1.859919900695890638e+00
3.330000000000000071e+00,-1.972367577481716872e+00,1.832066649457224194e+00
3.339999999999999858e+00,-1.925334693159994170e+00,1.795201094416604137e+00
3.350000000000000089e+00,-1.855912258464556874e+00,1.750913171592450412e+00
3.359999999999999876e+00,-1.759460261484570243e+00,1.700494837377014568e+00
3.370000000000000107e+00,-1.630852725442120121e+00,1.644900469345861094e+00
3.379999999999999893e+00,-1.464574720960208687e+00,1.584576267715148035e+00
3.390000000000000124e+00,-1.254920438125876503e+00,1.519126723403457113e+00
3.399999999999999911e+00,-9.964746200167947654e-01,1.446712130759402859e+00
3.410000000000000142e+00,-6.852871090770630280e-01,1.362929638821837264e+00
3.419999999999999929e+00,-3.217263838177394364e-01,1.258676206572585166e+00
3.430000000000000160e+00,8.244347400766760536e-02,1.116350297988526474e+00
3.439999999999999947e+00,4.869941318528479002e-01,9.073347641827793630e-01
3.450000000000000178e+00,8.043600534165331606e-01,6.223417029446156601e-01
3.459999999999999964e+00,9.473103632744496183e-01,3.255548872003708460e-01
3.470000000000000195e+00,1.044460061105285664e+00,5.799818224291031221e-02
3.479999999999999982e+00,1.060378332713289851e+00,-1.822953822626781628e-01
3.490000000000000213e+00,1.053026895577867439e+00,-3.799721506020097284e-01
3.500000000000000000e+00,1.054473313184768113e+00,-5.473708012470986928e-01
3.510000000000000231e+00,1.081498185863980499e+00,-6.990713521991148705e-01
3.520000000000000018e+00,1.138785044946886815e+00,-8.429567964000772573e-01
3.530000000000000249e+00,1.222731621069177432e+00,-9.776078408711582624e-01
3.540000000000000036e+00,1.325624818942497729e+00,-1.095704218058617174e+00
3.550000000000000266e+00,1.438215739803045068e+00,-1.189390030777727203e+00
3.560000000000000053e+00,1.550857506069057479e+00,-1.253815403789629634e+00
3.570000000000000284e+00,1.654305987058333205e+00,-1.288084466753169233e+00
3.580000000000000071e+00,1.740489161890465875e+00,-1.294548343955858716e+00
3.589999999999999858e+00,1.802963877837386875e+00,-1.277505776108898372e+00
3.600000000000000089e+00,1.836856927905862857e+00,-1.242000831323957666e+00
3.609999999999999876e+00,1.838383444837035308e+00,-1.193038534880656254e+00
3.620000000000000107e+00,1.804204772358819264e+00,-1.135265944921399095e+00
3.629999999999999893e+00,1.730858964242632414e+00,-1.073010872942999017e+00
3.640000000000000124e+00,1.614364824801768350e+00,-1.010546675032963915e+00
3.649999999999999911e+00,1.449990033510498044e+00,-9.525432596634048066e-01
3.660000000000000142e+00,1.232158056974559379e+00,-9.048727585445182076e-01
3.669999999999999929e+00,9.546235665552067484e-01,-8.764798821095181047e-01
3.680000000000000160e+00,6.120017458357061013e-01,-8.854626708217376851e-01
3.689999999999999947e+00,2.172065013304141923e-01,-9.975651876863899092e-01
3.700000000000000178e+00,-2.764914761328360338e-01,-1.041539304035465907e+00
3.709999999999999964e+00,-6.767633511975330585e-01,-9.003837216100190055e-01
3.720000000000000195e+00,-9.374803321105317222e-01,-6.676642954882220371e-01
3.729999999999999982e+00,-1.054979943151839850e+00,-4.206641544387913489e-01
3.740000000000000213e+00,-1.042284732111816270e+00,-2.215130822623935236e-01
3.750000000000000000e+00,-9.978997151079476158e-01,-1.403171836745640277e-01
3.760000000000000231e+00,-1.185331762727829918e+00,-2.092600661141499341e-01
3.770000000000000018e+00,-1.598484768790806587e+00,-1.552026902283812460e+00
3.780000000000000249e+00,-5.404575344687968519e-01,-2.936432306279147308e+00
3.790000000000000036e+00,6.477347628338318009e-01,-2.588016981345088396e+00
3.800000000000000266e+00,4.448776940640382094e-01,-1.575188046280464826e+00
3.810000000000000053e+00,-8.317994341129322233e-01,-6.178865224077596530e-01
3.820000000000000284e+00,-8.380729960827135727e-01,-2.817996231190617262e+00
3.830000000000000071e+00,8.108256951274026569e-01,-1.533510642122408951e+00
3.839999999999999858e+00,-1.972063459157218590e+00,-1.095593103057779238e+00
3.850000000000000089e+00,-1.529838040202856408e+00,-5.127220473162320546e-01
3.859999999999999876e+00,5.051808673821543971e-01,2.031619225410413065e+00
3.870000000000000107e+00,2.287262556484694898e+00,1.893184798862389773e+00
3.879999999999999893e+00,2.042182511588707783e+00,2.388183629852891343e-01
3.890000000000000124e+00,5.551390236973220427e-01,2.439676866794396215e+00
3.899999999999999911e+00,5.971284558478393567e-01,2.641378273677964739e+00
3.910000000000000142e+00,-7.099378599629140307e-01,7.494533631453459410e-01
3.919999999999999929e+00,-2.108932632945751173e+00,-7.284623862698529351e-01
3.930000000000000160e+00,-2.626142379817458128e+00,-1.204426251044862894e+00
3.939999999999999947e+00,-2.415411737317858965e+00,-1.394121210206064720e+00
3.950000000000000178e+00,-2.271005205928376292e+00,-1.491666447966701892e+00
3.959999999999999964e+00,-2.164339629789394426e+00,-1.530966967075170881e+00
3.970000000000000195e+00,-2.087219828123893617e+00,-1.528986145157425591e+00
3.979999999999999982e+00,-2.033702148778552932e+00,-1.497097224306457974e+00
3.990000000000000213e+00,-1.998320854192829898e+00,-1.443423567375664129e+00
